{
  "n_estimators": 400,
  "max_depth": 6,
  "learning_rate": 0.056454461997059446,
  "subsample": 0.4453343032864584,
  "colsample_bytree": 0.5899130115756421,
  "min_child_weight": 1,
  "reg_lambda": 0.775425347768633,
  "gamma": 0.42582944978642767,
  "reg_alpha": 0.1471614924148335,
  "random_state": 42,
  "n_jobs": -1
}